Name,Age,Club Name,Club Level,Minutes Played,Goals,Assists,xG,xA,Progressive Passes,Pass Completion,SCA,Interceptions,Games Missed,Transfer Value
Pedri,22,Barcelona,1,1476,4,2,3.1,4.2,136,1035,69,14,25,80
Gavi,20,Barcelona,1,944,1,1,0.9,1.1,39,489,27,8,45,90
Frenkie de Jong,28,Barcelona,1,1634,2,0,0.7,2.2,168,1542,60,14,47,70
Dani Olmo,27,Barcelona,1,1449,4,5,3.3,5.4,68,511,61,13,25,50
Fermin Lopez,22,Barcelona,1,1446,8,0,7.5,1.1,76,522,42,4,0,30
Pablo Torre,22,Barcelona,1,701,0,2,0.8,0.9,65,356,24,4,1,3
Aurélien Tchouaméni,25,Real Madrid,1,1987,3,1,1.3,0.9,111,1377,35,28,16,100
Federico Valverde,26,Real Madrid,1,2904,2,7,3.5,5.8,231,1901,119,43,0,120
Eduardo Camavinga,22,Real Madrid,1,1817,0,2,0.9,1.4,106,1205,58,29,10,100
Dani Ceballos,28,Real Madrid,1,598,0,2,0.3,1.5,47,486,25,0,3,6
Luka Modric,39,Real Madrid,1,1688,2,6,1.3,5.5,196,1452,105,21,2,6
Jude Bellingham,21,Real Madrid,1,2315,19,6,11.1,5.3,196,1363,99,21,7,180
Pablo Barrios,22,Atlético de Madrid,1,1555,0,1,0.9,1.9,98,728,43,28,29,25
Conor Gallagher,25,Atlético de Madrid,1,3128,5,7,4.2,5,172,1801,109,43,0,50
Rodrigo De Paul,31,Atlético de Madrid,1,2075,3,5,1.8,5,202,1291,82,11,4,30
Koke,33,Atlético de Madrid,1,2493,0,4,0.4,3.6,212,2037,57,16,4,12
Marcos Llorente,30,Atlético de Madrid,1,2565,6,4,4.1,5.6,106,974,48,14,0,30
Thomas Lemar,29,Atlético de Madrid,1,164,0,0,0.2,0,13,71,3,0,48,8
Mikel Vesga,32,Athletic Club,2,1534,3,1,2.7,1.2,88,639,25,32,6,3.2
Mikel Jauregizar,21,Athletic Club,2,151,0,0,0,0.1,5,56,5,0,0,0.6
Beñat Prados,24,Athletic Club,2,1449,0,0,0.5,0.5,87,667,21,23,0,12
Iñigo Ruiz de Galarreta,31,Athletic Club,2,2091,1,1,0.3,2.3,147,993,56,12,9,4
Oihan Sancet,25,Athletic Club,2,1975,4,5,6.3,4.7,121,641,84,10,5,28
Unai Gómez,22,Athletic Club,2,875,2,0,1.5,0.7,28,198,25,2,1,4.8
Santi Comesaña,28,Villarreal,2,1653,2,0,1.9,2,92,752,37,22,0,4.8
Dani Parejo,36,Villarreal,2,2580,3,5,2.9,3,210,1624,79,21,3,2
Denis Suarez,31,Villarreal,2,133,0,0,0.1,0.3,13,79,8,0,44,1.2
Johnny Cardoso,23,Real Betis,2,1328,1,2,1.1,0.5,45,539,21,32,12,20
Marc Roca,28,Real Betis,2,1980,2,2,1.1,1.4,126,997,59,17,0,7.2
William Carvalho,33,Real Betis,2,680,1,3,0.4,0.7,58,560,18,8,14,2.4
Giovanni Lo Celso,29,Real Betis,2,506,2,2,0.6,1.9,68,449,28,5,14,12.8
Sergi Altimira,23,Real Betis,2,568,1,0,0.2,0.3,31,289,14,9,4,2
Pablo Fornals,29,Real Betis,2,1574,3,2,2.1,1.9,118,662,61,28,0,11.2
Isco,33,Real Betis,2,2326,8,5,8.3,6.4,216,1201,156,10,16,6.4
Damian Rodriguez,21,Boca Juniors,3,890,2,1,1.6,0.7,28,215,25,2,4,3.5
Jailson,28,Almería,3,1560,1,3,0.9,2.7,78,845,42,38,8,5
Fran Beltran,25,Espanyol,3,1820,1,3,1.2,2.8,95,1020,56,45,7,8
Ilaix Moriba,21,Getafe,3,1450,2,4,1.9,3.2,78,780,48,32,12,15
Gerard Gumbau,29,Elche,3,2015,3,2,2.5,1.8,124,1245,67,54,3,3.5
Oscar Valentin,27,Rayo Vallecano,3,2310,1,4,1.2,3.5,167,1567,78,61,2,6
Unai López,27,Rayo Vallecano,3,1245,0,3,0.7,2.5,92,876,51,37,8,4
Pathé Ciss,30,Rayo Vallecano,3,1680,2,1,1.8,0.9,124,1245,63,72,7,3
Randy Nteka,25,Rayo Vallecano,3,1450,4,2,3.5,1.8,98,987,56,41,9,4.5
Joni Montiel,25,Rayo Vallecano,3,1120,2,3,1.8,2.5,76,698,42,28,12,5
Oscar Trejo,36,Rayo Vallecano,3,1980,1,6,0.9,5.1,132,1245,78,41,4,1
Lucas Torró,29,Osasuna,3,2580,1,2,1.5,1.8,110,1250,37,58,3,5
Iker Muñoz,20,Osasuna,3,1240,0,3,0.7,2.5,78,845,42,31,12,8
Jon Moncayola,25,Osasuna,3,2015,2,4,1.8,3.6,145,1324,67,47,5,12
Aimar Oroz,22,Osasuna,3,1780,4,5,3.5,4.2,124,1245,71,38,7,15
Samu Costa,27,Almería,3,2315,0,4,0.9,3.8,187,1654,78,63,2,8.5
Omar Mascarell,31,Schalke 04,3,2540,2,3,1.7,2.4,201,1789,89,68,1,4
Sergi Darder,30,Mallorca,3,2785,5,7,4.2,6.1,213,1987,112,42,0,6
Manu Morlanes,24,Mallorca,3,1560,2,4,1.8,3.2,112,1024,58,37,8,9
Antonio Sánchez,22,Betis Deportivo,3,680,0,2,0.4,1.7,45,512,28,19,24,0.8
Dani Rodriguez,35,Mallorca,3,1680,1,4,0.9,3.2,124,1245,63,41,7,1
Julian Weigl,28,Borussia M'gladbach,2,2015,1,5,0.9,4.1,145,1123,57,49,4,18
Rocco Reitz,21,Borussia M'gladbach,2,1120,2,3,1.8,2.5,78,789,41,32,15,8
Florian Neuhas,26,Borussia M'gladbach,2,1870,3,5,2.8,4.1,134,1234,61,41,5,20
Kevin Stöger,30,VfL Bochum,3,2860,8,12,6.8,9.4,213,1987,142,28,0,5
Mattias Svanberg,24,VfL Wolfsburg,2,1870,4,5,3.5,4.1,134,1234,58,37,5,20
Aster Vranckx,21,Wolfsburg,2,1340,2,3,1.8,2.5,98,856,42,29,11,15
Maximilian Arnold,29,Wolfsburg,2,2780,3,9,2.5,7.2,201,1876,102,63,0,18
Yannick Gerhardt,29,Wolfsburg,2,2450,2,6,1.8,4.9,178,1567,87,48,2,12
Kevin Paredes,20,Wolfsburg,2,1120,3,2,2.5,1.8,78,789,37,21,15,12
Lovro Majer,26,Wolfsburg,2,2145,5,8,4.2,6.7,143,1128,78,31,3,28
Bence Dardai,18,Hertha Berlin,3,1240,1,3,0.8,2.5,76,845,42,19,12,4
Kristijan Jakic,27,Augsburg,3,1780,2,3,1.8,2.5,87,945,38,54,11,12
Frank Onyeka,26,Brentford,2,1560,1,2,1,1.8,92,1024,47,63,7,18
Arne Maier,25,Augsburg,3,2015,3,6,2.5,5.1,145,1324,78,48,3,10
Elvis Rexhbecaj,26,Bochum,3,1560,3,4,2.5,3.2,112,1023,51,37,8,10
Alexis Claude-Maurice,25,OGC Nice,2,1420,4,3,3.5,2.8,98,987,56,21,9,8
Mert Kömür,19,Antalyaspor,3,680,1,2,0.8,1.7,45,512,28,15,14,3
Fredrik Jensen,27,Augsburg,3,1785,5,4,4.2,3.6,124,1245,67,28,6,7.5
Aljoscha Kemlein,19,Union Berlin,3,320,0,1,0.3,0.9,24,215,12,8,6,1.5
Lucas Tousart,26,Union Berlin,3,2540,3,5,2.5,4.2,187,1789,89,68,2,12
Rani Khedira,30,Union Berlin,3,1980,1,4,0.9,3.5,142,1456,72,57,5,5
Andras Schäfer,24,Union Berlin,3,1560,2,3,1.8,2.6,112,1024,58,42,8,9
László Benes,26,Hamburg,3,1870,4,6,3.5,4.8,134,1234,63,28,5,15
Janik Haberer,29,Union Berlin,3,2015,3,4,2.8,3.6,145,1324,72,51,3,6
Robert Skov,27,Hoffenheim,3,2310,7,5,6.1,4.3,167,1567,89,32,2,12
Woo-yeong Jeong,24,Stuttgart,2,1560,5,4,4.2,3.5,112,1023,67,24,8,8.5
James Sands,23,Rangers,3,1980,1,3,1.2,2.8,124,1245,58,47,5,5
Marwin Schmitz,22,FC St. Pauli,3,1240,0,2,0.5,1.9,87,845,38,31,12,1.2
Robert Wagner,24,Greuther Fürth,3,1780,3,5,2.6,4.1,132,1245,71,42,5,3
Jackson Irvine,30,St. Pauli,3,2780,8,6,7.1,5.3,213,1987,112,68,0,5
Carlo Boukhalfa,21,FC Zürich,3,980,2,3,1.8,2.5,76,698,42,19,8,2
Erik Ahlstrand,20,IFK Göteborg,3,1240,1,4,1,3.2,78,845,42,28,12,0.8
Daniel Sinani,27,Stade Reims,2,1580,5,6,4.2,5.1,112,1024,68,24,7,5.5
Anton Stach,25,Mainz 05,2,2185,2,5,1.8,4.3,156,1458,72,51,4,12
Diadié Samassékou,27,Hoffenheim,3,1420,0,3,0.5,2.6,98,987,45,48,14,8
Tom Bischof,18,Hoffenheim,3,320,1,1,0.8,0.9,28,245,15,8,6,3.5
Umut Tohumcu,19,Hoffenheim,3,780,2,2,1.5,1.8,54,587,32,19,18,7
Grischa Prömel,29,Hoffenheim,3,2015,4,6,3.2,5.4,145,1324,78,42,3,10
Dennis Geiger,25,Hoffenheim,3,1245,1,4,0.9,3.5,92,876,51,37,9,6.5
Finn Becker,23,Eintracht Frankfurt,2,1860,3,4,2.5,3.6,124,1245,67,41,5,9
Andrej Kramaric,32,Hoffenheim,3,2540,12,5,10.8,4.2,142,1287,95,18,3,8
Niklas Dorsch,26,Augsburg,3,1785,1,4,1.2,3.5,124,1324,68,47,8,7.5
Julian Niehues,22,VfL Bochum,3,820,0,2,0.5,1.8,58,645,32,21,14,1.2
Luka Janes,22,Sturm Graz,3,1450,3,4,2.6,3.2,87,1024,51,32,7,3.5
Norman Theuerkauf,25,Arminia Bielefeld,3,1860,1,6,0.9,5.1,132,1245,78,41,2,2
Jan Schöppner,23,Arminia Bielefeld,3,1245,2,3,1.8,2.5,92,987,45,28,12,1.8
Luca Kerber,20,Karlsruher SC,3,560,0,1,0.4,0.9,42,398,18,15,26,0.7
Patrick Erras,29,Nürnberg,3,2015,2,3,1.7,2.4,145,1324,64,53,4,2.5
Marvin Schulz,27,Hansa Rostock,3,1560,2,3,1.8,2.5,98,987,45,28,7,1.5
Armin Gigovic,22,Helsingborg,3,1980,3,5,2.5,4.2,124,1321,68,37,3,3.2
Lewis Holtby,33,Holstein Kiel,3,2150,4,8,3.2,6.8,156,1587,92,29,2,0.5
Aurel Wagbe,19,St. Gallen U21,3,320,0,2,0.1,1.8,24,215,18,12,0,0.3
Finn Porath,21,Brøndby,3,1420,3,4,2.4,3.5,92,1024,57,25,9,4
Steven Skrzybski,31,Schalke 04,3,1870,7,5,6.2,4.1,134,1245,76,18,4,2.8
Ibrahima Sissoko,26,Strasbourg,2,2460,2,3,1.7,2.8,167,1589,63,54,1,8.5
Anthony Losilla,37,VfL Bochum,3,2780,1,4,0.8,3.2,201,1987,78,68,0,0.8
Niklas Jahn,22,FC Magdeburg,3,680,0,1,0.3,0.9,45,487,21,15,24,0.9
Tom Krauss,22,Schalke 04,3,2315,2,6,1.8,5.4,187,1765,89,47,3,12
Matus Bero,28,Boavista,3,1820,3,4,2.8,3.5,92,1056,48,42,3,4.5
Mats Pannewig,23,St. Pauli,3,1245,1,3,1.2,2.8,78,876,35,28,8,2.2
Dani de Wit,26,AZ Alkmaar,2,2145,8,6,7,5.2,124,1327,87,19,5,12.5
Stanislav Lobotka,29,Napoli,1,2870,1,4,1.2,3.1,187,2134,87,52,2,35
Billy Gilmour,23,Brighton,2,1865,1,4,1,3.6,142,1458,75,41,5,25
Scott McTominay,27,Manchester United,1,1620,7,1,5.8,1.2,98,1124,60,36,8,30
Frank Anguissa,28,Napoli,1,2540,2,5,1.9,4,167,1845,78,63,3,32
Philip Billing,27,Bournemouth,2,2915,5,6,4.5,4.8,136,1678,85,38,0,22
Hakan Calhanoglu,30,Inter Milan,1,2610,7,9,6.2,7.3,198,1892,105,32,1,45
Kristjan Asllani,22,Inter Milan,1,1245,1,3,1.2,2.1,87,956,42,15,8,18
Petar Sucic,20,Red Bull Salzburg,2,1580,4,6,3.1,4.8,68,987,51,28,12,15
Nicolò Barella,27,Inter Milan,1,2745,6,7,5.8,6.1,205,1870,98,21,2,75
Davide Frattesi,24,Inter Milan,1,1560,4,3,3.8,2.9,112,1024,65,18,5,35
Piotr Zielinski,29,Napoli,1,2540,6,8,5.2,6.3,201,1876,112,28,3,40
Henrikh Mkhitaryan,36,Inter Milan,1,2785,2,8,3.6,4.5,192,1453,116,29,0,6
Angelo Stiller,22,Hoffenheim,3,84,0,0,0.1,0,7,89,5,0,0,45
Atakan Karazor,26,Stuttgart,2,2623,0,4,1,2.6,140,89.4,57,27,0,12
Yannik Keitel,23,Freiburg,2,920,1,0,0.7,0.4,48,79.1,11,12,11,3.5
Enzo Millot,21,Stuttgart,2,2241,5,4,5.3,3.9,127,85,82,16,2,35
Samuele Ricci,21,Torino,2,2395,1,1,1.3,2.3,122,85.6,68,27,6,30
Adrien Tamèze,29,Torini,2,2146,0,2,0.7,2.2,90,86.7,32,47,4,2
Ivan Ilić,22,Torino,2,2098,3,2,2.1,5,138,82.4,73,20,7,16
Cesare Casadei,20,Chelsea,1,79,0,0,0,0.1,3,81.5,4,0,0,15
Gvidas Gineitis,19,Torino,2,1430,3,1,0.4,2,25,74.7,16,4,9,6
Karol Linetty,28,Torino,2,1858,0,0,0.5,0.8,87,85.4,36,23,4,1.8
Nikola Vlašić,25,Torino,2,2608,3,2,2.4,2.9,150,80.8,95,11,18,8
Sandi Lovrić,25,Udinese,2,1987,1,3,3.5,3.3,80,75.6,78,21,9,8.5
Jurgen Ekkelenkamp,23,Udinese,2,1892,3,2,2.8,1.3,72,79.7,38,12,2,7
Martín Payero,24,Udinese,2,1796,2,2,1.5,1.1,71,75.5,51,15,0,5.5
Arthur Atta,21,Udinese,2,1251,0,1,1.9,2.7,105,80.4,46,7,0,8
Oier Zarraga,24,Udinese,2,404,1,0,0.4,0.4,152,80.7,6,5,0,2
Simone Pafundi,18,Udinese,2,116,0,0,0.1,0.7,9,74,6,0,11,5
Milan Badelj,34,Genoa,2,2535,1,3,1.4,1.1,151,80.7,57,50,4,0.8
Morten Frendrup,22,Genoa,2,3145,2,0,1.7,1.6,105,80,59,51,0,2
Fabio Miretti,20,Genoa,2,1677,3,3,3.1,2,54,74.4,53,7,0,20
Patrizio Masini,23,Genoa,2,1538,1,0,0.4,0.2,44,76.9,24,15,4,6
Morten Thorsby,27,Genoa,2,1157,2,2,1.8,1.4,28,62,14,4,3,3
Ruslan Malinovskyi,30,Genoa,2,1544,4,1,1.1,0.6,83,79.7,34,5,7,2.5
Cheikh Niasse,24,Hellas Verona,2,755,0,0,0.4,0.1,25,80,12,17,0,2.5
Suat Serdar,26,Hellas Verona,2,1659,0,2,1,1.4,68,73.9,32,20,2,4.5
Ondrej Duda,28,Hellas Verona,2,2456,1,4,2.2,3.3,117,74.9,93,26,1,3.5
Antoine Bernede,25,Hellas Verona,2,594,1,0,0.8,0.5,29,73.6,22,5,0,2.5
Abdou Harroui,26,Hellas Verona,2,463,1,2,2.2,0.4,21,79.2,15,2,20,1.8
Darko Lazović,32,Hellas Verona,2,1928,3,2,2.8,4.4,66,64.2,60,6,4,0.8
Tomas Suslov,21,Hellas Verona,2,2092,3,5,3.5,3.6,64,72.6,69,6,0,6
Grigoris Kastanos,26,Hellas Verona,2,872,1,1,1,1.7,34,69.3,24,7,13,1.5
Antoine Makoumbou,25,Cagilari,2,2702,1,0,0.7,0.9,137,88,51,16,3,3.5
Răzvan Marin,27,Cagilari,2,1818,0,3,1.1,3,72,74,68,6,3,3.5
Michel Adopo,24,Cagilari,2,2409,1,1,1.1,2.3,106,83,50,27,3,4
Alessandro Deiola,28,Cagilari,2,1432,2,1,1.7,0.6,40,73.4,26,13,0,1.6
Nadir Zortea,24,Cagilari,2,2713,6,2,3.1,2.4,63,67.4,57,19,4,5
Gianluca Gaetano,24,Napoli,1,1009,2,4,4.9,2.2,41,88.6,8,1,3,4
Nicolas Viola,34,Cagilari,2,1267,3,1,2.2,1.9,46,63.1,59,3,2,1
Mandela Keita,22,Parma,2,1826,0,2,0.1,1,50,90.5,33,21,22,12
Nahuel Estévez,28,Parma,2,657,0,0,0.1,0.8,30,75.7,13,3,2,2
Adrián Bernabé,23,Parma,2,1453,1,1,1.3,1.1,115,83.6,58,7,2,15
Simon Sohm,23,Parma,2,2989,4,0,3.1,2.1,140,85.2,78,26,0,5
Hernani,30,Parma,2,1327,3,3,2.8,1.5,78,75.3,43,19,0,1.6
Drissa Camara,22,Parma,2,447,0,0,1.2,0.8,27,73.1,15,3,0,1.5
Ylber Ramadani,28,Leece,2,1807,1,1,0.6,1.1,60,82.1,35,24,2,1.8
Balthazar Pierret,24,Leece,2,1723,0,0,0.2,0.4,82,83.6,39,13,0,1.7
Thórir Jóhann Helgason,23,Leece,2,1156,0,4,1.2,1.1,38,64.6,39,6,1,3
Lassana Coulibaly,28,Leece,2,2667,1,0,0.8,0.9,93,81.2,46,18,3,2.5
Hamza Rafia,25,Leece,2,1058,0,0,0.5,1.4,51,77.6,36,4,0,1.4
Medon Berisha,20,Leece,2,716,0,1,0.7,0.6,42,78,29,11,0,1.5
Joan González,21,Leece,2,1291,1,1,1.2,1,49,75.2,55,5,0,0.8
Filip Marchwinski,22,Leece,2,15,0,0,0,0,0,80,0,0,0,3
Alberto Grassi,29,Empoli,2,2203,1,0,1,0.8,74,74.6,27,33,7,1.8
Jacopo Fazzini,21,Empoli,2,1383,4,1,3.5,0.5,49,71.6,41,6,6,10
Youssef Maleh,24,Empoli,2,2602,0,1,1.6,2.4,117,76.8,62,25,0,3.2
Szymon Żurkowski,25,Empoli,2,868,4,0,1,0.1,20,78.8,17,6,2,1.8
Liam Henderson,28,Empoli,2,2337,0,4,0.7,3.9,108,72.9,59,15,0,2
Nicolas Haas,28,Empoli,2,287,0,0,0,0.1,9,81.8,8,4,0,0.7
Tino Anjorin,22,Empoli,2,1114,2,3,0.9,1.7,55,80.5,32,13,0,6
Jacopo Bacci,19,Empoli,2,31,0,0,0,0,1,54.5,0,1,0,1
Cheick Condé,24,Venezia,2,151,0,0,0,0,8,66.7,5,4,0,1.8
Hans Nicolussi Caviglia,24,Venezia,2,2861,4,2,2.4,2.1,140,79.3,66,28,0,8.5
Gianluca Busio,22,Venezia,2,2518,2,0,2.4,1.6,95,75.9,65,19,0,6
Kike Pérez,26,Rayo Vallecano,3,835,1,0,1.9,0.6,47,71.8,27,8,0,2.8
Mikael Egill Ellertsson,22,Venezia,2,2470,2,2,1.1,1.6,36,71,46,17,0,3.4
Alfred Duncan,30,Fiorentina,2,1888,2,5,1.5,2,133,77.7,60,11,2,1.4
Issa Doumbia,20,Venezia,2,939,0,0,1,0.1,22,74.9,17,9,0,2.4
Domen Crnigoj,28,Venezia,2,136,0,0,0.1,0,4,51,2,4,20,0.5
Bjarki Bjarkason,23,Venezia,2,165,0,0,0,0.1,10,87.6,1,2,0,0.8
Gaetano Oristanio,21,Venezia,2,2315,3,3,4.1,2.6,64,69.3,69,6,11,6
John Yeboah,24,Venezia,2,1226,1,1,3,1.9,42,72.9,53,4,9,2.8
Matteo Pessina,26,Monza,2,3222,6,3,6.3,1.1,190,88.3,74,27,0,6
Kacper Urbanski,18,Bologna,2,926,0,1,1.1,0.8,31,80.9,35,4,0,6
Alessandro Bianco,21,Monza,2,2600,1,0,1.3,1.2,125,86.2,38,22,0,5
Gaetano Castrovilli,27,Monza,2,596,0,0,0.3,0.4,24,79,15,2,38,1.5
Kevin Zeroli,19,Monza,2,395,0,1,0.8,0.5,5,74,2,2,0,4
Roberto Gagliardini,29,Monza,2,2360,1,2,2.9,1.7,120,90,51,31,5,1.4
Stefano Sensi,28,Monza,2,274,1,0,0.9,0.2,38,86,15,3,15,1
Jean-Daniel Akpa Akpro,30,Monza,2,705,0,0,0.5,0.1,10,83.7,5,12,0,1
Patrick Ciurria,28,Monza,2,1598,0,1,1.5,2.6,68,78.2,53,9,17,4
Samuele Vignato,20,Monza,2,470,0,0,0.3,0,17,75.4,7,0,15,3.5
Wataru Endo,30,Liverpool,1,1722,1,0,0.5,1.7,101,88,54,20,3,13
Alexis Mac Allister,24,Liverpool,1,2599,5,5,3.7,3.6,209,86.6,108,35,6,75
Curtis Jones,22,Liverpool,1,1167,1,1,2.6,0.7,117,91.1,36,7,15,35
Oliver Skipp,24,Leicester City,2,707,0,0,0.7,0.6,37,351,14,3,2,15
Boubakary Soumaré,26,Leicester City,2,2286,0,1,0,0.9,102,1109,29,26,3,14
Kasey McAteer,23,Leicester City,2,1158,6,0,5.4,1,27,318,27,6,18,0.9
Facundo Buonanotte,20,Leicester City,2,1364,3,1,2.4,1.8,42,404,38,8,0,18
Kalvin Phillips,29,Ipswich Town,2,93,0,0,0.1,0,7,62,1,2,0,25
Jens Cajuste,25,Ipswich Town,2,1016,0,2,1.5,1.1,37,369,37,4,5,10
Jack Taylor,26,Ipswich Town,2,886,2,1,1.6,1.1,64,439,31,19,6,1.8
Sam Morsy,33,Ipswich Town,2,3749,3,6,1.7,3.7,282,2366,120,34,0,0.9
Massimo Luongo,32,Ipswich Town,2,3159,3,0,2.6,2.5,231,1585,86,54,0,0.5
Julio Enciso,21,Ipswich Town,2,475,0,2,1.4,1.7,21,132,23,0,38,22
Omari Hutchinson,21,Ipswich Town,2,2195,10,4,5.2,4.8,85,616,93,15,0,7
Sammie Szmodics,29,Ipswich Town,2,3899,27,4,22.3,5.3,163,1085,117,17,0,7
Marcus Harness,29,Ipswich Town,2,982,4,1,2.9,1.1,51,272,29,8,0,0.8
Lesley Ugochukwu,21,Southampton,2,301,0,0,0,0.1,17,155,5,1,30,25
Flynn Downes,26,Southampton,2,2550,2,2,0.7,2.1,122,2019,66,47,0,9
Shea Charles,21,Southampton,2,1438,0,0,1.1,0.7,95,1132,31,22,0,10
Mateus Fernandes,20,Southampton,2,2236,1,2,0.3,2.8,132,1113,93,25,0,8
Joe Aribo,28,Southampton,2,1606,4,1,1.9,1.7,132,886,51,9,0,5
Will Smallbone,25,Southampton,2,3002,6,3,6,4.1,214,1939,97,30,0,5
Adam Lallana,37,Southampton,2,850,0,1,0.8,1.7,39,451,28,3,0,1
Joshua Kimmich,30,Bayern Munich,1,2176,1,6,1.1,7.1,229,1951,128,14,6,50
Aleksandar Pavlovic,21,Bayern Munich,1,1227,2,2,1.2,1,105,897,40,17,10,30
João Palhinha,29,Bayern Munich,1,2699,4,1,3.3,0.8,97,1098,33,46,1,55
Leon Goretzka,30,Bayern Munich,1,2241,6,7,5,5.3,176,1559,71,31,6,30
Jamal Musiala,22,Bayern Munich,1,1755,10,5,7.9,6,100,621,106,16,12,120
Granit Xhaka,32,Bayer 04 Leverkusen,1,2821,3,0,1.8,2.7,392,3020,121,19,0,20
Robert Andrich,30,Bayer 04 Leverkusen,1,1690,4,2,1.7,1.8,97,1346,54,20,0,17
Exequiel Palacios,26,Bayer 04 Leverkusen,1,1831,4,4,3.3,3.8,162,1856,53,29,9,45
Aleix García,27,Bayer 04 Leverkusen,1,3199,3,6,1.8,5.5,294,2567,129,36,0,25
Nathan Tella,25,Bayer 04 Leverkusen,1,1088,6,3,4.5,3.4,33,388,46,6,0,23
Florian Wirtz,22,Bayer 04 Leverkusen,1,2372,11,11,8.9,7.5,224,1540,166,9,3,130
Jonas Hofmann,32,Bayer 04 Leverkusen,1,2204,5,7,5.9,8.1,119,1214,157,8,0,10
Ellyes Skhiri,30,Eintracht Frankfurt,2,2168,2,2,2.3,1,110,1082,41,39,8,11
Hugo Larsson,20,Eintracht Frankfurt,2,1886,2,1,1.3,1.4,68,835,25,29,9,28
Mahmoud Dahoud,29,Eintracht Frankfurt,2,679,1,1,0.8,1.4,30,489,24,1,0,8
Junior Dina Ebimbe,24,Eintracht Frankfurt,2,1956,5,3,5,2.9,79,715,54,9,1,12
Farès Chaïbi,22,Eintracht Frankfurt,2,1970,2,5,3.1,7,91,620,84,5,1,18
Mario Götze,33,Eintracht Frankfurt,2,2068,3,2,2.9,3,115,1050,76,14,2,5.5
Emre Can,31,Borussia Dortmund,1,1953,2,2,2.2,1.5,110,1286,44,22,8,10
Salih Özcan,27,Borussia Dortmund,1,1184,0,0,0.2,1,57,680,23,17,2,10
Felix Nmecha,24,Borussia Dortmund,1,1021,1,2,1.7,0.9,45,382,35,11,21,20
Carney Chukwuemeka,21,Borussia Dortmund,1,227,1,1,0.2,0.3,12,115,9,0,39,15
Marcel Sabitzer,31,Borussia Dortmund,1,1961,4,3,3.6,1.8,111,868,70,12,6,20
Pascal Groß,33,Borussia Dortmund,1,3114,4,10,6.5,8.1,302,2774,185,22,0,8
Julian Brandt,29,Borussia Dortmund,1,2223,7,11,4.4,9.5,116,1054,133,8,3,40
Giovanni Reyna,22,Borussia Dortmund,1,515,0,1,1.1,1.3,32,284,37,4,1,18
Nicolas Höfler,35,SC Freiburg,2,2330,1,1,0.7,0.4,94,985,32,31,0,2
Maximilian Eggestein,28,SC Freiburg,2,2914,1,2,2.4,2.8,162,1080,74,28,0,10
Patrick Osterhage,25,SC Freiburg,2,1861,2,1,1.4,0.8,64,658,49,27,4,7
Merlin Röhl,22,SC Freiburg,2,1477,2,4,2,2.5,38,365,45,9,5,12
Lennard Maloney,25,Mainz 05,2,2284,1,1,0.8,1.1,62,698,20,25,4,5
Dominik Kohr,31,Mainz 05,2,2184,1,0,1.6,1.2,99,876,28,43,0,3
Nadiem Amiri,28,Mainz 05,2,1401,1,4,2.3,4.3,94,659,92,14,0,7
Jae-sung Lee,32,Mainz 05,2,2113,6,3,4.9,3.4,82,605,66,27,0,2.5
Arthur Vermeeren,20,RB Leipzig,1,2032,1,3,1.5,2.2,158,998,52,30,0,25
Amadou Haidara,27,RB Leipzig,1,1526,2,1,1.1,1.6,97,694,41,21,9,20
Xaver Schlager,27,RB Leipzig,1,2477,0,5,1.1,2.6,230,1587,85,19,32,28
Nicolas Seiwald,24,RB Leipzig,1,718,0,2,0,0.3,33,320,9,8,0,16
Kevin Kampl,34,RB Leipzig,1,1363,1,0,0.2,1.8,88,931,38,11,0,3.5
Xavi Simons,22,RB Leipzig,1,2653,8,11,8.3,9.8,187,1137,176,16,0,80
Christoph Baumgartner,25,RB Leipzig,1,1158,5,1,3.7,1.6,47,340,45,5,0,18
Senne Lynen,26,SV Werder Bremen,2,1977,0,3,0.6,2.2,74,855,36,45,0,7
Skelly Alvero,23,SV Werder Bremen,2,549,2,0,0.7,0,36,218,16,3,6,4
Jens Stage,28,SV Werder Bremen,2,2327,3,1,4.4,1.9,85,775,54,23,0,7.5
Leonardo Bittencourt,31,SV Werder Bremen,2,1578,1,2,2.2,2.9,85,665,46,13,1,2.5
Romano Schmid,25,SV Werder Bremen,2,2601,4,6,5.2,6.3,144,941,118,11,0,10
Dominik Szoboszlai,24,Liverpool,1,2104,3,2,3.7,5.8,152,1280,115,15,12,75
Harvey Elliott,22,Liverpool,1,1352,3,6,2.7,3.5,128,825,78,6,0,35
Thomas Partey,32,Arsenal,1,788,0,0,0.4,0.3,72,570,25,11,34,18
Jorginho,33,Flamengo,3,921,0,2,0.1,1.4,101,699,27,12,0,12
Declan Rice,26,Arsenal,1,3225,7,8,3.3,5.3,278,2041,100,44,0,120
Mikel Merino,28,Arsenal,1,2482,5,3,3.3,1.9,163,1076,65,16,2,50
Martin Ødegaard,26,Arsenal,1,3091,8,10,7.4,9.6,344,1692,220,15,5,110
Rodri,28,Manchester City,1,2931,8,9,4.1,3.9,376,3365,157,26,0,120
Nico González,23,Manchester City,1,1699,2,1,3.5,1.3,137,1002,62,10,0,15
Matheus Nunes,26,Manchester City,1,840,0,2,0.9,1.2,42,460,27,7,0,50
Mateo Kovacic,31,Manchester City,1,1551,1,0,1.3,1.6,100,1435,54,10,3,30
İlkay Gündoğan,34,Manchester City,1,2994,5,9,7.3,10.3,224,2163,166,21,0,15
Bernardo Silva,30,Manchester City,1,2578,6,9,3.7,7.6,177,1671,130,17,2,70
Pierre Lees-Melou,32,Stade Brestois,2,2517,4,0,2.4,2.4,193,85.2,84,43,11,10
Edimilson Fernandes,29,Stade Brestois,2,1290,0,2,0.5,0.7,53,76.8,35,22,7,3.5
Jonas Martin,35,Stade Brestois,2,1208,0,1,1.2,0.9,105,87.2,25,9,3,1
Romain Faivre,26,Stade Brestois,2,1494,5,1,3,1.7,107,77.5,44,7,9,15
Sander Berge,27,Fulham,2,3005,1,2,1.9,2.4,164,88.1,67,23,6,0
Saša Lukić,28,Fulham,2,1122,1,0,1.6,0.8,43,86.3,27,16,7,10
Harrison Reed,30,Fulham,2,1325,0,2,0.3,1.1,56,83.8,29,11,8,15
Tom Cairney,34,Fulham,2,1488,1,4,1.1,2.3,145,88.5,71,13,0,2
Emile Smith Rowe,24,Fulham,2,353,0,1,2,0.2,23,88.3,13,3,10,22
Alex Iwobi,29,Fulham,2,2332,5,2,5.6,4.9,151,71.2,115,15,5,25
Andreas Pereira,29,Fulham,2,2613,3,7,4.6,7.1,138,70.4,137,4,7,20
Adam Wharton,21,Crystal Palace,2,3254,2,6,1.8,5,220,80,110,52,3,30
Cheick Doucouré,25,Crystal Palace,2,919,0,0,0.3,0.7,49,87,23,20,37,35
Jefferson Lerma,30,Crystal Palace,2,2400,1,1,2.2,2.7,106,81.4,55,36,10,20
Will Hughes,30,Crystal Palace,2,1891,0,1,0.3,1.1,76,83.3,48,21,3,9
Eberechi Eze,26,Crystal Palace,2,2055,11,4,9.1,5.2,93,77,110,11,12,55
Ismaïla Sarr,27,Crystal Palace,2,1447,3,4,3.2,2.5,36,75.8,40,13,12,18
Daichi Kamada,27,Lazio,1,2015,6,7,5.2,6.3,145,1324,89,32,3,25
Matheus França,19,Crystal Palace,2,980,3,2,2.8,1.9,64,745,42,18,12,22
Orel Mangala,26,Lyon,2,2310,2,6,1.8,5.4,178,1654,78,63,2,30
James Garner,22,Everton,2,2540,3,5,2.5,4.2,187,1789,92,57,1,25
Idrissa Gueye,34,Everton,2,1980,1,1,0.9,1.2,124,1245,63,72,7,4
Carlos Alcaraz,21,Southampton,2,1780,7,4,6.1,3.5,132,1245,71,41,8,25
Tim Iroegbunam,20,Everton,2,680,0,1,0.4,0.9,45,512,28,21,18,8
Abdoulaye Doucouré,31,Everton,2,2560,7,3,6.2,2.8,132,1245,71,42,4,12
Edson Álvarez,26,West Ham,2,2780,2,4,1.8,3.5,201,1987,89,87,2,50
Tomas Soucek,29,West Ham,2,2915,6,1,5.1,1.2,156,1678,78,68,0,25
Guido Rodríguez,29,Real Betis,2,2015,1,2,0.9,1.8,145,1324,63,72,5,15
Carlos Soler,27,PSG,1,1780,4,6,3.5,5.2,132,1245,71,38,8,25
James Ward-Prowse,29,West Ham,2,3128,5,12,4.2,9.8,231,2345,142,57,0,35
Andrew Irving,22,Hearts,3,1240,2,4,1.8,3.2,87,845,51,31,12,3
Lucas Paquetá,26,West Ham,2,2315,8,7,7.1,6.3,201,1876,112,45,3,55
Manuel Ugarte,23,PSG,1,2540,1,3,1.2,2.8,187,1987,78,95,1,60
Casemiro,32,Manchester United,1,1980,4,2,3.5,1.8,142,1456,67,82,7,25
Toby Collyer,20,Manchester United U21,1,0,0,0,0,0,0,0,0,0,1
Kobbie Mainoo,19,Manchester United,1,1865,3,4,2.5,3.2,142,1245,75,41,5,40
Christian Eriksen,32,Manchester United,1,1560,1,7,1.2,6.1,124,1324,89,28,9,8
Daniel Gore,19,Manchester United U21,1,0,0,0,0,0,0,0,0,0,1.5
Patrick Dorgu,19,Lecce,2,1240,1,3,0.9,2.5,76,845,42,31,8,12
Bruno Fernandes,29,Manchester United,1,3420,15,12,12.8,10.5,298,2678,187,42,0,70
Alejandro Garnacho,19,Manchester United,1,2785,8,7,7.2,6.3,167,1456,112,18,3,50
Mason Mount,25,Manchester United,1,1560,3,4,2.8,3.5,124,1324,78,27,12,45
André,22,Fulham,2,3120,1,7,1.5,6.8,245,2876,132,87,2,35
Boubacar Traoré,22,Wolverhampton Wanderers,2,2015,2,3,1.8,2.6,145,1654,78,63,5,18
Joe Hodge,21,Wolverhampton Wanderers,2,780,0,1,0.4,0.9,56,587,32,21,18,5
João Gomes,23,Wolverhampton Wanderers,2,2780,4,5,3.5,4.2,213,2345,124,98,1,40
Jean-Ricner Bellegarde,25,Wolverhampton Wanderers,2,1980,3,6,2.5,5.1,167,1789,89,41,7,25
Marshall Munetsi,27,Stade Reims,2,2860,7,4,6.1,3.8,201,1987,102,76,2,20
Tommy Doyle,22,Wolverhampton Wanderers,2,1780,2,5,1.8,4.3,132,1456,71,52,8,15
Rodrigo Gomes,20,Wolverhampton Wanderers,2,0,0,0,0,0,0,0,0,0,12
Chem Campbell,21,Wolverhampton Wanderers,2,450,0,1,0.3,0.8,34,356,18,12,28,3
Tawanda Chirewa,20,Wolverhampton Wanderers,2,320,1,0,0.8,0.2,24,215,14,8,6,2.5
Archie Gray,18,Leeds United,2,2980,2,8,1.9,6.7,213,2456,134,67,0,25
Rodrigo Bentancur,26,Tottenham Hotspur,1,1870,4,3,3.2,2.8,145,1654,78,51,9,35
Yves Bissouma,27,Tottenham Hotspur,1,2315,1,4,1.2,3.5,178,1987,89,85,4,35
Lucas Bergvall,18,Djurgårdens IF,3,1560,5,7,4.2,6.1,132,1245,78,31,5,10
Pape Matar Sarr,21,Tottenham Hotspur,1,2015,3,2,2.5,1.8,156,1654,72,63,7,30
Dejan Kulusevski,24,Tottenham Hotspur,1,3128,8,12,7.1,10.2,245,2345,156,42,0,55
James Maddison,27,Tottenham Hotspur,1,2315,8,12,7.1,9.8,201,1876,142,28,10,70
Wilfred Ndidi,27,Leicester City,2,2780,4,5,3.5,4.2,213,2345,124,98,2,25
Harry Winks,28,Leicester City,2,3128,2,8,1.8,7.2,245,2876,156,87,0,20
Bilal El Khannouss,19,Genk,3,2015,5,7,4.2,6.3,167,1654,89,31,5,25
Hamza Choudhury,26,Leicester City,2,1560,1,3,0.9,2.6,124,1245,63,57,8,8
Kevin De Bruyne,32,Manchester City,1,1780,4,14,3.5,12.1,201,1654,142,18,16,60
James McAtee,21,Sheffield United,2,2860,6,8,5.1,6.8,213,2345,124,42,1,18
Claudio Echeverri,18,River Plate,3,1240,3,5,2.5,4.1,87,845,51,19,8,25
Moisés Caicedo,22,Chelsea,1,3120,1,4,1.2,3.8,287,2765,132,124,0,90
Roméo Lavia,20,Chelsea,1,450,0,0,0.1,0.3,42,398,18,12,34,45
Enzo Fernández,23,Chelsea,1,2785,5,7,4.2,6.1,245,2345,156,78,2,80
Kiernan Dewsbury-Hall,25,Leicester City,2,2980,12,14,10.5,12.3,267,2456,187,63,1,35
Cole Palmer,22,Chelsea,1,3128,22,13,18.7,11.2,245,2345,178,28,0,75
Bruno Guimarães,26,Newcastle United,2,3420,7,10,6.1,8.7,312,2987,201,112,0,100
Sandro Tonali,24,Newcastle United,2,1560,1,2,1.2,1.8,145,1654,72,63,24,40
Carles Aleñá,27,Alavés,3,1020,1,1,1.2,1.6,23,308,36,4,3,3
Joan Jordan,30,Alavés,3,380,0,0,0.2,0,32,212,11,4,8,3.5
Arthur Melo,28,Girona,2,1986,2,3,1,1.7,133,1372,72,18,6,15
Oriol Romeu,33,Girona,2,936,0,1,0.7,1.3,66,717,17,10,1,2
Yangel Herrera,26,Girona,2,2780,4,5,3.5,4.2,201,2345,124,87,2,25
Donny van de Beek,27,Eintracht Frankfurt,2,1560,2,3,1.8,2.6,124,1324,67,42,12,12
Ivan Martin,26,Girona,2,2860,5,9,4.2,7.8,213,2456,142,63,0,30
Lucien Agoumé,21,Inter Milan,1,780,0,1,0.4,0.9,56,587,32,21,18,6
Nemanja Gudelj,32,Sevilla,2,2315,1,2,0.9,1.8,178,1789,89,76,3,5
Albert Sambi Lokonga,24,Luton Town,2,2540,3,5,2.5,4.2,198,1987,102,72,1,18
Djibril Sow,27,Sevilla,2,2785,2,4,1.8,3.5,213,2345,124,89,2,25
Saul Niguez,29,Atletico Madrid,1,2015,1,3,0.9,2.6,156,1654,72,63,5,15
Renato Tapia,28,Celta Vigo,2,2310,0,3,0.5,2.8,187,1789,89,102,2,8
Yvan Neyou,26,SC Braga,3,1780,1,4,0.8,3.5,132,1245,67,58,7,6
Darko Brasanac,31,Osasuna,3,1245,0,1,0.4,0.9,87,845,38,37,12,3
Oscar Rodriguez,26,Getafe,3,2015,4,5,3.5,4.2,156,1456,78,41,5,12
Stefan Bajcetic,19,Liverpool,1,450,0,0,0.1,0.2,42,398,18,12,34,10
Javi Muñoz,23,Almería,3,1780,1,3,0.8,2.5,132,1245,67,54,7,8
Enzo Loiodice,23,Las Palmas,3,1560,0,4,0.5,3.5,124,1324,63,62,8,10
José Campaña,31,Levante,3,1980,2,6,1.8,5.1,156,1456,78,51,5,3
Kirian Rodríguez,28,Las Palmas,3,2860,7,5,6.1,4.3,213,2345,124,78,0,20
Florian Grillitsch,28,Hoffenheim,3,2315,3,7,2.5,6.3,201,1876,102,87,2,18
Selim Amallah,27,Valencia,2,2015,4,5,3.5,4.2,156,1456,78,41,5,15
Chuki,20,Real Betis B,3,320,0,1,0.2,0.8,24,215,14,9,0,0.8
João Neves,19,Benfica,2,2780,3,7,2.5,6.1,245,2678,156,98,2,60
Vitinha,24,PSG,1,2860,9,6,7.8,5.3,213,2345,142,28,1,60
Warren Zaïre-Emery,18,PSG,1,2540,4,8,3.5,6.8,201,1987,124,67,3,100
Fabián Ruiz,28,PSG,1,2315,5,7,4.2,6.1,187,1789,112,51,5,40
Khvicha Kvaratskhelia,22,Napoli,1,2670,12,10,10.5,8.7,223,1789,145,31,1,80
João Neves,28,Tottenham,1,2015,1,4,0.9,3.5,156,1654,72,78,5,25
Vitinha,26,AC Milan,1,1780,2,5,1.8,4.3,145,1654,78,63,9,35
Warren Zaïre-Emery,31,Marseille,2,2310,1,3,0.8,2.6,178,1789,89,87,3,12
Fabián Ruiz,28,Juventus,1,2670,5,6,4.5,4.8,201,1987,89,63,1,30
Senny Mayulu,29,Marseille,2,1560,1,2,0.9,1.8,124,1324,63,57,12,20
Khvicha Kvaratskhelia,20,Lorient,2,980,1,3,0.8,2.5,76,845,42,31,8,6
Pierre-Emile Højbjerg,27,Marseille,2,2015,5,7,4.2,6.1,167,1654,89,42,5,25
Ismaël Bennacer,20,Le Havre,3,680,0,1,0.3,0.9,45,512,28,19,14,3
Geoffrey Kondogbia,26,AS Monaco,2,2230,4,4,3.5,3.5,156,1456,65,58,3,25
Adrien Rabiot,20,Monaco,2,1240,1,2,0.8,1.7,87,876,42,37,8,8
Valentin Rongier,28,Braga,3,2860,4,5,3.5,4.2,213,2345,124,92,1,25
Bilal Nadir,20,Metz,3,2015,3,4,2.5,3.6,156,1456,78,63,5,15
Darryl Bakola,27,Monaco,2,2785,7,9,6.1,7.8,245,2345,156,42,2,35
Denis Zakaria,27,Nice,2,2315,1,4,0.9,3.5,178,1789,89,76,3,15
Soungoutou Magassa,28,Rennes,2,2540,2,5,1.8,4.3,198,1987,102,87,1,20
Moatasem Al-Musrati,24,Nice,2,2860,3,7,2.5,6.1,213,2345,124,78,0,25
Lamine Camara,27,Galatasaray,2,1780,4,3,3.2,2.5,132,1245,67,41,8,15
Edan Diop,29,Nice,2,1560,1,3,0.8,2.5,124,1324,63,54,8,8
Pablo Rosario,27,Nice,2,2315,1,4,0.9,3.5,178,1789,89,76,3,15
Baptiste Santamaria,28,Rennes,2,2540,2,5,1.8,4.3,198,1987,102,87,1,20
Hicham Boudaoui,24,Nice,2,2860,3,7,2.5,6.1,213,2345,124,78,0,25
Tanguy Ndombélé,27,Galatasaray,2,1780,4,3,3.2,2.5,132,1245,67,41,8,15
Morgan Sanson,29,Nice,2,1560,1,3,0.8,2.5,124,1324,63,54,8,8
Nabil Bentaleb,29,Lille,2,1980,2,4,1.8,3.5,156,1654,78,63,5,6
Benjamin André,33,Lille,2,2780,1,3,0.9,2.8,201,2345,124,112,0,5
André Gomes,30,Lille,2,2015,1,5,0.8,4.2,167,1789,89,57,4,8
Angel Gomes,23,Lille,2,2860,6,9,5.1,7.8,245,2678,156,42,0,35
Hákon Arnar Haraldsson,20,Lille,2,2015,5,6,4.2,5.3,167,1654,89,31,5,18
Rémy Cabella,34,Lille,2,2310,7,8,6.1,7.2,201,1876,112,28,3,4
Tanner Tessmann,21,Venezia,2,3128,8,7,7.1,6.3,245,2876,156,87,0,12
Nemanja Matic,35,Stade Rennais,2,2315,1,4,0.8,3.5,178,1987,89,92,3,3
Paul Akouokou,26,Real Betis,2,1780,0,2,0.5,1.8,132,1456,63,67,7,8
Corentin Tolisso,29,Lyon,2,2015,3,4,2.5,3.6,156,1654,78,54,5,15
Jordan Veretout,30,Marseille,2,2540,5,6,4.2,5.1,198,1987,102,76,1,18
Thiago Almada,22,Atlanta United,3,2780,12,16,10.8,14.3,287,2456,187,32,0,30
Andrey Santos,19,Nottingham Forest,2,980,1,2,0.8,1.7,76,845,42,28,18,15
Habib Diarra,20,Strasbourg,2,1560,3,4,2.5,3.6,112,1024,58,37,8,20
Félix Lemaréchal,20,Monaco,2,1240,1,3,0.8,2.5,87,876,42,31,12,8
Joelinton,27,Newcastle United,2,1980,5,4,4.2,3.5,156,1456,78,72,7,42
Joe Willock,24,Newcastle United,2,1560,3,5,2.5,4.2,124,1324,67,41,12,25
Lewis Miley,18,Newcastle United,2,1245,1,3,0.8,2.5,78,845,42,28,12,15
Sean Longstaff,26,Newcastle United,2,2310,4,5,3.5,4.2,167,1654,89,63,3,18
Amadou Onana,22,Everton,2,2780,3,5,2.5,4.1,213,2345,124,98,2,60
Boubacar Kamara,24,Aston Villa,2,2315,1,3,1.2,2.8,178,1987,89,87,3,45
Youri Tielemans,27,Aston Villa,2,1980,4,6,3.5,5.2,156,1654,78,51,7,25
John McGinn,29,Aston Villa,2,3128,7,9,6.1,7.8,245,2876,156,72,0,35
Ross Barkley,30,Luton Town,2,2860,5,8,4.2,7.1,231,2678,142,63,1,12
Jacob Ramsey,22,Aston Villa,2,1780,6,4,5.1,3.6,132,1456,71,38,9,40
Morgan Rogers,21,Aston Villa,2,1240,4,3,3.5,2.8,98,1024,58,31,6,18
Hamed Junior Traoré,25,AJ Auxerre,3,429,0,0,1.1,0.7,24,185,20,2,12,17
Azor Matusiwa,27,Stade Rennais,2,2179,1,1,1,1.1,142,1048,49,44,1,12
Ismaël Koné,22,Stade Rennais,2,2555,4,3,2.8,2.3,151,1031,94,16,0,11
Jordan James,20,Stade Rennais,2,2304,8,0,4.2,1.2,96,595,54,28,0,4.5
Naouirou Ahamada,23,Stade Rennais,2,349,0,0,0.5,0,25,150,9,2,0,8
Ayanda Sishuba,20,Stade Rennais,2,62,0,0,0.9,0,1,12,8,0,0,0.5
Johann Lepenant,22,FC Nantes,2,253,0,0,0.1,0.1,24,165,7,4,14,6
Pedro Chirivella,28,FC Nantes,2,2594,1,1,1.5,1.1,192,1494,69,31,0,7
Francis Coquelin,34,FC Nantes,2,910,0,0,0.1,0.1,47,379,16,16,0,1.5
Douglas Augusto,28,FC Nantes,2,1772,0,0,1.2,1.1,105,904,37,26,8,6
Florent Mollet,33,FC Nantes,2,2083,4,4,5.9,2.5,96,826,66,13,0,1.8
Joris Chotard,23,Montpellier,2,2587,0,3,0.6,0.9,111,961,46,44,4,10
Rabby Nzingoula,19,Montpellier,2,133,0,1,0.1,0.1,8,27,3,5,0,0.3
Khalil Fayad,21,Montpellier,2,1025,3,0,1.9,0.5,35,276,19,14,3,4
Jordan Ferri,33,Montpellier,2,2031,1,1,0.6,1.9,173,1101,67,13,2,3.6
Teji Savanier,33,Montpellier,2,2765,9,6,9.1,6.9,224,1306,184,33,0,7.2
Martin Zubimendi,26,Real Sociedad,2,2654,4,1,2.7,1.5,152,1321,55,37,7,40
Beñat Turrientes,23,Real Sociedad,2,1687,0,1,1.2,0.5,51,598,29,6,2,16
Jon Ander Olasagasti,24,Real Sociedad,2,360,0,0,0.9,0.3,13,127,13,3,0,0.96
Brais Méndez,28,Real Sociedad,2,2413,5,6,4.2,4.2,128,942,101,12,5,32
Arsen Zakharyan,22,Real Sociedad,2,1228,1,2,2.4,2.1,47,379,58,4,7,14
Enzo Barrenechea,24,Valencia,2,2811,0,1,0.6,1.7,155,1624,46,27,0,6
Hugo Guillamón,25,Valencia,2,1315,1,0,0.2,0.4,65,564,30,12,0,6.4
Javi Guerra,22,Valencia,2,2498,4,1,2.7,0.9,81,700,46,18,0,16
André Almeida,25,Valencia,2,965,2,1,0.6,1.2,50,315,29,6,21,12
Ivan Jaime,24,Valencia,2,566,1,0,1.1,0.6,32,250,35,2,0,6.4
Mauro Arambarri,29,Getafe,3,339,0,0,0.5,0,20,114,9,2,32,4
Ramón Terrats,21,Villarreal,2,1240,3,4,2.5,3.6,87,845,51,32,8,12
Luis Milla,28,Las Palmas,3,2780,2,6,1.8,5.4,213,2345,124,87,0,15
Urko González de Zarate,20,Deportivo Alavés,3,780,0,2,0.5,1.8,54,398,28,15,5,1.5
Alex Kral,25,Union Berlin,3,2015,1,3,0.9,2.6,145,1324,63,72,3,10
Pol Lozano,23,Espanyol,3,1780,1,4,0.8,3.5,132,1245,67,58,5,8
José Gragera,23,Almería,3,1245,0,1,0.4,0.9,87,745,38,41,12,5
Álvaro Aguado,25,Valladolid,3,2310,4,6,3.5,5.2,167,1567,89,63,2,12
Edu Exposito,26,Espanyol,3,2540,3,7,2.8,6.1,201,1876,102,78,1,15
Justin Smith,21,Nice,2,1120,1,2,0.9,1.8,76,698,42,28,12,6
Antonio Blanco,23,Alavés,3,1980,1,4,0.9,3.5,156,1456,72,67,5,15
Carlos Protesoni,20,Atlético San Luis,3,680,0,1,0.3,0.9,45,512,21,15,14,2
Ander Guevara,26,Alavés,3,2315,2,5,1.8,4.3,178,1654,89,72,2,18
Jon Guridi,28,Alavés,3,2860,4,6,3.5,5.1,213,2345,124,85,0,20
Marco Asensio,28,PSG,1,2015,7,8,6.1,7.2,156,1456,102,18,3,30
Danilo,23,Nottingham Forest,2,2780,3,4,2.5,3.6,213,1987,89,95,1,25
Ibrahim Sangaré,26,Nottingham Forest,2,2315,1,2,1.2,1.8,178,1654,78,87,3,35
Elliot Anderson,21,Newcastle United,2,1560,2,4,1.8,3.2,124,1245,67,42,8,15
Nicolás Domínguez,25,Nottingham Forest,2,2015,3,5,2.5,4.2,156,1456,78,63,5,22
Ryan Yates,26,Nottingham Forest,2,2540,2,3,1.8,2.6,187,1789,89,102,1,18
Morgan Gibbs-White,24,Nottingham Forest,2,3128,8,12,7.1,10.3,245,2345,156,42,0,45
Carlos Baleba,20,Brighton,2,1780,1,3,0.9,2.8,132,1245,67,72,7,35
Mats Wieffer,24,Feyenoord,2,2860,6,7,5.1,6.3,245,2678,142,98,2,40
Jack Hinshelwood,18,Brighton,2,1240,2,1,1.8,0.9,76,845,42,31,12,8
Nicola Zalewski,23,Inter,1,968,0,1,0.8,1.6,33,358,37,9,1,9.6
Valentin Carboni,20,Inter,1,1169,2,3,2.3,1.7,57,436,42,7,1,12
Marten de Roon,34,Atalanta Bc,2,1169,2,3,2.3,1.4,56,436,42,7,5,5.6
Ibrahim Sulemana,22,Atalanta Bc,2,1339,2,0,0.05,0.01,27,361,20,7,7,3.2
Ederson,29,Manchester City,1,2700,5,2,4.2,2.1,67,79.3,9,21,5,3
Mario Pasalic,29,Atalanta Bc,2,1432,4,3,3.1,2.7,39,84.4,34,40,1,30
Marco Brescianini,24,Atalanta Bc,2,1180,2,2,1.3,1.4,28,81,14,18,3,4
Raoul Bellanova,23,Atalanta Bc,2,1867,1,4,1.1,3,55,79,30,20,2,8
Davide Zappacosta,32,Atalanta Bc,2,1533,2,2,1.5,1.9,41,83,20,19,4,3.5
Marco Palestra,22,Atalanta Bc,2,720,0,1,0.3,0.8,13,80,7,9,6,1.5
Juan Cuadrado,36,Atalanta Bc,2,1800,0,1,0.5,1.2,40,82,25,15,5,2
Matteo Ruggeri,22,Atalanta Bc,2,2400,2,6,2.1,5.8,50,85,30,20,3,12
Charles De Ketelaere,24,Atalanta Bc,2,2700,8,5,6,4,60,84,35,10,2,25
Lazar Samardzic,23,Atalanta Bc,2,2500,4,1,1.8,2.2,55,83,30,12,4,10
Daniel Maldini,23,Empoli,2,1200,3,2,2,1.5,20,80,15,8,6,5
Manuel Locatelli,27,Juventus,1,2800,2,3,1.5,2,45,86,30,40,2,25
Khéphren Thuram,24,Juventus,1,2700,4,4,3,3.5,50,84,35,35,3,30
Douglas Luiz,27,Aston Villa,2,2900,6,5,4.5,4,60,87,40,45,1,35
Weston McKennie,26,Juventus,1,2500,2,3,2,2.5,40,82,25,30,4,20
Teun Koopmeiners,27,Juventus,1,2600,3,4,3,3.5,55,85,35,25,2,28
Vasilije Adžić,18,Budućnost Podgorica,3,1640,6,4,3.9,2.7,32,81,24,17,2,3.5
Lucas Gourna-Douath,20,Rb Salzburg,2,1902,1,2,1.2,2.4,49,85,18,33,3,9
Bryan Cristante,29,As Roma,1,2832,2,2,3.4,4.1,123,86,70,32,2,18
Leandro Paredes,29,As Roma,1,2840,2,4,2.9,5.3,143,88,91,24,1,10
Manu Koné,23,Borussia M’gladbach,2,1820,1,1,1.5,1.7,84,85,32,41,6,18
Niccolò Pisilli,19,As Roma,1,314,0,1,0.1,0.7,14,83,6,5,3,2.5
Lorenzo Pellegrini,28,As Roma,1,2133,5,5,4.8,6.5,89,84,74,21,8,25
Tommaso Baldanzi,21,Empoli,2,1325,3,3,2.3,3.1,49,80,31,8,5,10
Yacine Adli,23,Ac Milan,1,1380,1,1,0.9,1.2,61,87,20,18,4,12
Rolando Mandragora,26,Fiorentina,2,2011,2,2,1.7,1.8,77,86,26,19,3,6.5
Danilo Cataldi,30,Lazio,1,1767,0,1,0.7,2.1,68,89,24,22,5,6
Nicolò Fagioli,24,Fiorentina,2,1291,5,3,3.2,1.8,41,87,47,19,7,19
Amir Richardson,22,Reims,2,1784,2,2,1.8,1.9,45,84.2,18,27,4,6.5
Michael Folorunsho,26,Verona,2,2126,5,2,3.6,1.8,42,79,22,35,2,5.2
Edoardo Bove,22,As Roma,1,1632,2,2,1.1,1.3,33,82,19,28,6,7.5
Cher Ndour,19,PSG,1,946,1,1,0.9,0.8,22,83,11,14,7,6
Lucas Beltrán,23,Fiorentina,2,2367,4,2,3.5,1.9,54,78,36,13,4,18
Nicolò Zaniolo,24,Aston Villa,2,1300,2,1,2,1.2,48,80,28,11,5,20
Andrea Colpani,25,Monza,2,2784,8,4,6.4,3.8,74,84,52,20,1,13
Nicolò Rovella,22,Lazio,1,2643,0,3,2,4,110,89,45,30,0,18
Reda Belahyane,20,Helas Verona,2,1856,0,0,0.2,0.2,35,86,2,20,3,12.6
Matteo Guendouzi,26,Lazio,1,3270,1,3,1.4,3.2,18,118,56,31,3,16.5
Matías Vecino,32,Lazio,1,1420,1,2,1.2,1.2,57,85,18,22,5,5.5
Toma Basic,28,Lazio,1,1860,1,1,1,1,55,84,21,19,3,6
Manuel Lazzari,31,Lazio,1,2010,2,3,1.4,1.6,48,78,26,18,2,8
Fisayo Dele-Bashiru,23,Lazio,1,960,3,1,1,0.5,34,80,12,11,4,5
Arijon Ibrahimovic,17,Bologna,2,450,1,0,0.5,0.2,16,82,5,7,7,4
Christ Muñoz,20,Valencia B,3,1230,2,2,1.1,0.8,40,79,18,14,5,3
André Anderson,21,Leeds United,2,720,0,1,0.3,0.5,20,78,8,9,6,2.5
Youssouf Fofana,25,Monaco,2,2070,3,3,2.2,2.5,60,86,33,28,2,35
Tijjani Reijnders,25,Ac Milan,1,3002,10,5,8,4.5,90,88,110,45,2,50
Yunus Musah,21,Ac Milan,1,1860,0,1,0.5,0.8,42,82,18,25,4,25
Ruben Loftus-Cheek,29,Ac Milan,1,2140,7,2,4.5,3.1,68,83,16,27,3,18
Warren Bondo,19,Nice,2,1780,0,0,0.43,0.27,28,84,14,15,6,7
Nikola Moro,24,Sevilla,2,1040,2,0,0.8,0.4,22,85,16,18,7,10
Oussama El Azzouzi,23,Atlanta,2,547,2,0,0.2,0.2,12,86,19,23,4,8
Lewis Ferguson,23,Bologna,2,1720,4,1,1.2,0.8,50,83,29,27,3,10
Tommaso Pobega,25,Bologna,2,2100,6,3,4,2.5,85,86.5,50,30,2,15
Michel Aebischer,27,Bologna,2,1480,1,1,1.2,0.8,36,85,14,19,4,6
Remo Freuler,32,Atlanta,2,1620,1,0,0.7,0.4,30,84.2,14,22,5,4.5
Andri Fannar Baldursson,22,Bologna,2,1362,0,1,0.65,0.83,40,75.5,2,33,6,0.9
Giovanni Fabbian,22,Bologna,2,1675,4,1,3.1,1.4,50,82.3,18,15,4,12
Jens Odgaard,22,Bologna,2,1968,6,1,3.62,1.45,47,77.9,14,9,3,14
Maximo Perrone,26,Lecce,2,1859,0,3,0.89,1.69,38,91,6,20,2,14
Yannik Engelhardt,22,Como,2,1152,1,1,0.62,1.49,22,81.4,8,11,4,2.6
Maxence Caqueret,24,Lazio,1,1860,1,1,1,1,55,84,21,19,3,6
Lucas Da Cunha,20,Clermont,2,1845,3,4,2.7,3.1,56,85.2,22,30,3,7.5
Sergi Roberto,32,Barcelona,1,1802,3,3,1.8,2.2,78,89.5,60,42,4,12
Matthias Braunöder,19,Rapid Wein,3,1740,2,1,1.1,0.9,45,84.7,18,24,2,4
Giuseppe Mazzaglia,20,Juventus,1,1410,4,2,1.6,0.8,38,82.1,12,19,3,3.5
Alessio Iovine,22,Bari,3,1670,5,3,3,2.4,52,83.2,20,22,2,5
Nico Paz,18,Real Betis,2,612,0,1,0.3,0.2,15,80,4,8,6,2
Dele Alli,27,Besiktas,3,1540,7,6,4.7,3.5,48,83.8,36,19,4,8
Naj Razi,17,Udinese,2,390,0,1,0.15,0.4,8,79.4,3,6,8,1.5
Cristian Cásseres Jr.,28,Atletico Madrid,1,2200,3,2,1.9,1.4,58,84,34,27,5,20
Vincent Sierro,24,Werder Bremen,2,2250,2,3,1.8,2,60,85,30,4,4,12
Niklas Schmidt,30,Toulouse,2,459,0,0,0.4,0.36,13,85.5,3,3,2,1.8
Miha Zajc,22,Toulouse,2,453,0,0,0,0.19,23,85.4,23,3,1,0.8
Rafik Messali,25,Clermont,2,2080,2,3,1.7,1.6,45,82.5,28,24,3,8.5
Aron Dønnum,27,Toulouse,2,2689,2,2,3.69,4.18,34,76.7,29,31,2,4
Mathis Saka,18,Toulouse,2,1046,0,0,0.4,0.2,21,26.5,12,11,4,2.5
Elisha Owusu,27,Auxerre,3,2100,4,1,1.15,0.75,20,81,18,30,3,6
Assane Dioussé,27,Auxerre,3,663,0,3,0.1,0.2,23,83.4,13,21,4,3.5
Nathan Buayi-Kiala,21,Auxerre,3,1249,4,1,1.2,0.12,34,85,6,2,1,0.12
Han-Noah Massengo,21,Auxerre,3,1046,0,1,0.4,0.1,21,86.1,12,12,3,8
Kévin Danois,20,Auxerre,3,1460,1,2,0.2,0.1,34,78,15,23,3,1.5
Matt O'Riley,24,Brighton,2,938,3,1,2.8,2.4,38,45.7,13.5,12,2,22
Diego Gómez,21,Brighton,2,1245,2,4,2.1,0.1,21,23.2,12.1,11,1,16
James Milner,39,Brighton,2,773,2,2,0.3,0.3,24,84.1,11,14,4,1
Tyler Adams,25,Chelsea,1,1785,0,3,1.6,1,47,84.3,38,30,2,35
Ryan Christie,29,Liverpool,1,2131,2,3,3.3,5.1,34,82.4,24,30,0,18
Alex Scott,20,Bournemouth,2,1011,1,1,0.04,0.04,29,85.2,5,22,0,1
Lewis Cook,27,Bournemouth,2,2786,1,3,0.2,3.05,197,85,77,29,0,10
Justin Kluivert,24,Bournemouth,2,1936,26,7,6.1,1.85,45,78.9,72,19,0,12
Vitaly Janelt,25,Brentford,2,3270,1,3,0.2,4.1,108,84.9,54,33,0,18
Christian Nørgaard,28,Brentford,2,3064,5,4,2.6,4.25,102,82.3,66,28,0,16.5
Yunus Emre Konak,29,Brentford,2,810,0,0,0.32,0.1,25,81.2,14,12,5,4.5
Yegor Yarmolyuk,20,Brentford,2,1442,1,0,0.61,0.18,45,85.2,15,17,0,8.5
Mathias Jensen,28,Brentford,2,2642,2,1,2.3,2.7,83,82.7,48,26,1,18
Josh Dasilva,24,Brentford,2,788,3,0,0.12,0.2,18,81.9,7,9,5,5
Paris Maghoma,22,Bolton,3,2662,0,0,0.35,1.1,64,80.4,21,23,2,2.6
Ryan Trevitt,21,Exeter City,3,2745,5,4,4.2,2.8,88,83.4,39,18,1,2.2
Mikkel Damsgaard,23,Brentford,2,835,0,2,0.51,1.4,32,73.3,14,11,3,22
Fábio Carvalho,21,RB Leipzig,1,1884,9,2,2.09,1.39,92,84.1,20,7,0,22